Timestamp,Location,Device Info,Inputted Username,Result,Inputted Password,Details
26/11/2024 19:54,"Karachi, Sindh, PK","OS: Windows
OS Version: 10.0.22631
OS Release: 11
Processor: Intel64 Family 6 Model 140 Stepping 1, GenuineIntel
Node: Sami-ur-Rehman",k224728@nu.edu.pk,Success12,sami,Login outside allowed time window
26/11/2024 19:55,"Karachi, Sindh, PK","OS: Windows
OS Version: 10.0.22631
OS Release: 11
Processor: Intel64 Family 6 Model 140 Stepping 1, GenuineIntel
Node: Sami-ur-Rehman",k224728@nu.edu.pk,Success12,sami,Login outside allowed time window
28/11/2024 15:52,"Karachi, Sindh, PK","OS: Windows
OS Version: 10.0.22631
OS Release: 11
Processor: Intel64 Family 6 Model 140 Stepping 1, GenuineIntel
Node: Sami-ur-Rehman",sami,Failed,sami,Incorrect username or password
28/11/2024 15:58,"Karachi, Sindh, PK","OS: Windows
OS Version: 10.0.22631
OS Release: 11
Processor: Intel64 Family 6 Model 140 Stepping 1, GenuineIntel
Node: Sami-ur-Rehman",k224728@nu.edu.pk,Failed,s,Incorrect username or password
28/11/2024 16:02,"Karachi, Sindh, PK","OS: Windows
OS Version: 10.0.22631
OS Release: 11
Processor: Intel64 Family 6 Model 140 Stepping 1, GenuineIntel
Node: Sami-ur-Rehman",sami,Failed,a,Incorrect username or password
28/11/2024 16:02,"Karachi, Sindh, PK","OS: Windows
OS Version: 10.0.22631
OS Release: 11
Processor: Intel64 Family 6 Model 140 Stepping 1, GenuineIntel
Node: Sami-ur-Rehman",k224728@nu.edu.pk,Success,sami,No issues detected
02/12/2024 0:09,"Karachi, Sindh, PK","OS: Windows
OS Version: 10.0.22631
OS Release: 11
Processor: Intel64 Family 6 Model 140 Stepping 1, GenuineIntel
Node: Sami-ur-Rehman",k224673@nu.edu.pk,Failed,1234,Incorrect username or password
